<?xml version="1.0" encoding="UTF-8"?>
<project-private xmlns="http://www.netbeans.org/ns/project-private/1">
    <editor-bookmarks xmlns="http://www.netbeans.org/ns/editor-bookmarks/2" lastBookmarkId="0"/>
    <open-files xmlns="http://www.netbeans.org/ns/projectui-open-files/2">
        <group name="PET-SI">
            <file>file:/C:/Users/raiss/OneDrive/Área%20de%20Trabalho/SI%20-%20UFSM%20-%202018.02/Sistemas%20de%20Informação%204º%20Semestre%20-%20UFSM/-%20PET%20-%20SI/ConexaoJavaMysql/src/Model/bean/Membros.java</file>
            <file>file:/C:/Users/raiss/OneDrive/Área%20de%20Trabalho/SI%20-%20UFSM%20-%202018.02/Sistemas%20de%20Informação%204º%20Semestre%20-%20UFSM/-%20PET%20-%20SI/ConexaoJavaMysql/src/Principal/Inicio.java</file>
            <file>file:/C:/Users/raiss/OneDrive/Área%20de%20Trabalho/SI%20-%20UFSM%20-%202018.02/Sistemas%20de%20Informação%204º%20Semestre%20-%20UFSM/-%20PET%20-%20SI/ConexaoJavaMysql/src/Model/DAO/MembrosDAO.java</file>
            <file>file:/C:/Users/raiss/OneDrive/Área%20de%20Trabalho/SI%20-%20UFSM%20-%202018.02/Sistemas%20de%20Informação%204º%20Semestre%20-%20UFSM/-%20PET%20-%20SI/ConexaoJavaMysql/src/DatabaseConnection/Conexao.java</file>
        </group>
    </open-files>
</project-private>
